<?xml version="1.0" encoding="UTF-8"?>
<con:soapui-project id="83d3378c-388b-4eb6-8797-fd9773bdef70" activeEnvironment="Default" name="Soapui-Jenkins" resourceRoot="" soapui-version="5.4.0-EB" abortOnError="false" runType="SEQUENTIAL" xmlns:con="http://eviware.com/soapui/config"><con:settings/><con:interface xsi:type="con:RestService" id="c6665e27-4507-4979-946d-6f7fb8b02212" wadlVersion="http://wadl.dev.java.net/2009/02" name="https://jsonplaceholder.typicode.com" type="rest" xmlns:xsi="http://www.w3.org/2001/XMLSchema-instance"><con:settings/><con:definitionCache type="TEXT" rootPart=""/><con:endpoints><con:endpoint>https://jsonplaceholder.typicode.com</con:endpoint></con:endpoints><con:resource name="1" path="/todos/1" id="4f1e3c95-e25b-4f7c-954a-ce03467985cb"><con:settings/><con:parameters/><con:method name="1 1" id="3dcabe39-671b-4495-ac7f-7e6501c65e4e" method="GET"><con:settings/><con:parameters/><con:representation type="RESPONSE"><con:mediaType>application/json; charset=utf-8</con:mediaType><con:status>200</con:status><con:params/><con:element xmlns:ns="https://jsonplaceholder.typicode.com/todos/1">ns:Response</con:element></con:representation><con:request name="Request 1" id="b1f11fb9-19cf-4621-9df3-709e3e5df138" mediaType="application/json"><con:settings><con:setting id="com.eviware.soapui.impl.wsdl.WsdlRequest@request-headers">&lt;xml-fragment/></con:setting></con:settings><con:endpoint>https://jsonplaceholder.typicode.com</con:endpoint><con:request/><con:originalUri>https://jsonplaceholder.typicode.com/todos/1</con:originalUri><con:credentials><con:authType>No Authorization</con:authType></con:credentials><con:jmsConfig JMSDeliveryMode="PERSISTENT"/><con:jmsPropertyConfig/><con:parameters/></con:request></con:method></con:resource></con:interface><con:testSuite id="47850cbf-3a76-4af8-9c84-5dead5b27da4" name="TestSuite 1"><con:settings/><con:runType>SEQUENTIAL</con:runType><con:testCase id="c372a930-9a56-4d95-842d-a25ecef45635" failOnError="true" failTestCaseOnErrors="true" keepSession="false" maxResults="0" name="TestCase 1" searchProperties="true"><con:settings/><con:testStep type="restrequest" name="REST Request" id="c2cadb93-8c9f-4e00-970d-cec2126589bf"><con:settings/><con:config service="https://jsonplaceholder.typicode.com" methodName="1 1" resourcePath="/todos/1" xsi:type="con:RestRequestStep" xmlns:xsi="http://www.w3.org/2001/XMLSchema-instance"><con:restRequest name="REST Request" id="99c02320-47b4-4609-8fee-a822dcd1583a" mediaType="application/json"><con:settings><con:setting id="com.eviware.soapui.impl.wsdl.WsdlRequest@request-headers">&lt;xml-fragment/></con:setting></con:settings><con:encoding>UTF-8</con:encoding><con:endpoint>https://jsonplaceholder.typicode.com</con:endpoint><con:request/><con:originalUri>https://jsonplaceholder.typicode.com/todos/1</con:originalUri><con:assertion type="Valid HTTP Status Codes" id="1ad76762-79fe-49f3-bf5d-e3e1db88abb6" name="Valid HTTP Status Codes"><con:configuration><codes>200</codes></con:configuration></con:assertion><con:credentials><con:authType>No Authorization</con:authType></con:credentials><con:jmsConfig JMSDeliveryMode="PERSISTENT"/><con:jmsPropertyConfig/><con:parameters/></con:restRequest></con:config></con:testStep><con:properties/></con:testCase><con:properties/></con:testSuite><con:properties/><con:wssContainer/><con:oAuth2ProfileContainer/><con:oAuth1ProfileContainer/></con:soapui-project>